{
  "_fv": 10,
  "_type": "biome",
  "definition": {
    "groundBlock": {
      "value": "CUSTOM:Loststone"
    },
    "undergroundBlock": {
      "value": "CUSTOM:Loststone"
    },
    "generateLakes": true,
    "treeType": 0,
    "vanillaTreeType": "Default",
    "minHeight": 7,
    "spawnVines": false,
    "treeVines": {
      "value": ""
    },
    "treeStem": {
      "value": ""
    },
    "treeBranch": {
      "value": ""
    },
    "treeFruits": {
      "value": ""
    },
    "treesPerChunk": 0,
    "grassPerChunk": 0,
    "flowersPerChunk": 0,
    "mushroomsPerChunk": 0,
    "bigMushroomsChunk": 0,
    "sandPathcesPerChunk": 0,
    "gravelPatchesPerChunk": 0,
    "reedsPerChunk": 0,
    "cactiPerChunk": 0,
    "rainingPossibility": 0.5,
    "temperature": 0.5,
    "baseHeight": 2.0,
    "heightVariation": 0.1,
    "spawnBiome": false,
    "biomeWeight": 10,
    "biomeType": "WARM",
    "biomeCategory": "NONE",
    "parent": {
      "value": "No parent"
    },
    "biomeDictionaryTypes": [],
    "spawnEntries": [
      {
        "entity": {
          "value": "CUSTOM:Zombi"
        },
        "minGroup": 4,
        "maxGroup": 4,
        "weight": 20,
        "spawnType": "monster"
      },
      {
        "entity": {
          "value": "CUSTOM:Skelette"
        },
        "minGroup": 4,
        "maxGroup": 4,
        "weight": 20,
        "spawnType": "monster"
      }
    ]
  }
}