{
  "_fv": 10,
  "_type": "armor",
  "definition": {
    "enableHelmet": true,
    "textureHelmet": "osse_head",
    "enableBody": true,
    "textureBody": "osse_body",
    "enableLeggings": true,
    "textureLeggings": "osse_leggings",
    "enableBoots": true,
    "textureBoots": "osse_boots",
    "creativeTab": {
      "value": "COMBAT"
    },
    "armorTextureFile": "osse",
    "helmetName": "Osse Helmet",
    "bodyName": "Osse Chestplate",
    "leggingsName": "Osse Leggings",
    "bootsName": "Osse Boots",
    "helmetSpecialInfo": [],
    "bodySpecialInfo": [],
    "leggingsSpecialInfo": [],
    "bootsSpecialInfo": [],
    "helmetModelName": "Default",
    "helmetModelPart": "Helmet",
    "helmetModelTexture": "From armor",
    "bodyModelName": "Default",
    "bodyModelPart": "Body",
    "armsModelPartL": "Arms L",
    "armsModelPartR": "Arms R",
    "bodyModelTexture": "From armor",
    "leggingsModelName": "Default",
    "leggingsModelPartL": "Leggings L",
    "leggingsModelPartR": "Leggings R",
    "leggingsModelTexture": "From armor",
    "bootsModelName": "Default",
    "bootsModelPartL": "Boots L",
    "bootsModelPartR": "Boots R",
    "bootsModelTexture": "From armor",
    "maxDamage": 150,
    "damageValueHelmet": 20,
    "damageValueBody": 50,
    "damageValueLeggings": 60,
    "damageValueBoots": 20,
    "enchantability": 90,
    "toughness": 0.0,
    "equipSound": {
      "value": ""
    },
    "repairItems": []
  }
}