{
  "group": "lost_dimension",
  "type": "minecraft:crafting_shaped",
  "pattern": [
    "012",
    "345",
    "678"
  ],
  "key": {
    "0": {
      "item": "minecraft:dragon_head"
    },
    "1": {
      "item": "minecraft:diamond"
    },
    "2": {
      "item": "minecraft:dragon_head"
    },
    "3": {
      "item": "minecraft:diamond"
    },
    "4": {
      "item": "minecraft:dragon_egg"
    },
    "5": {
      "item": "minecraft:diamond"
    },
    "6": {
      "item": "minecraft:dragon_head"
    },
    "7": {
      "item": "minecraft:diamond"
    },
    "8": {
      "item": "minecraft:dragon_head"
    }
  },
  "result": {
    "item": "lost_dimension:lost",
    "count": 1
  }
}