{
  "group": "lost_dimension",
  "type": "minecraft:crafting_shaped",
  "pattern": [
    "012",
    "345",
    "678"
  ],
  "key": {
    "0": {
      "item": "lost_dimension:fachistastool_sword"
    },
    "1": {
      "item": "lost_dimension:fachistastool_pickaxe"
    },
    "2": {
      "item": "lost_dimension:fachistastool_sword"
    },
    "3": {
      "item": "lost_dimension:fachistas"
    },
    "4": {
      "item": "lost_dimension:fachistastool_hoe"
    },
    "5": {
      "item": "lost_dimension:fachistastool_axe"
    },
    "6": {
      "item": "lost_dimension:fachistastool_sword"
    },
    "7": {
      "item": "lost_dimension:fachistastool_shovel"
    },
    "8": {
      "item": "lost_dimension:fachistastool_sword"
    }
  },
  "result": {
    "item": "lost_dimension:ultimat",
    "count": 1
  }
}