{
  "_fv": 10,
  "_type": "tool",
  "definition": {
    "renderType": 0,
    "texture": "fachistastool_shovel",
    "customModelName": "Normal",
    "name": "Fachistastool Shovel",
    "specialInfo": [],
    "creativeTab": {
      "value": "TOOLS"
    },
    "toolType": "Spade",
    "harvestLevel": 16,
    "efficiency": 21.0,
    "attackSpeed": 1.0,
    "enchantability": 112,
    "damageVsEntity": 16.0,
    "usageCount": 4595,
    "blocksAffected": [],
    "hasGlow": false,
    "repairItems": [],
    "stayInGridWhenCrafting": false,
    "damageOnCrafting": false
  }
}