{
  "_fv": 10,
  "_type": "recipe",
  "definition": {
    "recipeType": "Crafting",
    "xpReward": 0.0,
    "cookingTime": 200,
    "recipeRetstackSize": 1,
    "group": "",
    "recipeShapeless": false,
    "recipeSlots": [
      {
        "value": "Blocks.SKULL#5"
      },
      {
        "value": "Items.DIAMOND"
      },
      {
        "value": "Blocks.SKULL#5"
      },
      {
        "value": "Items.DIAMOND"
      },
      {
        "value": "Blocks.DRAGON_EGG"
      },
      {
        "value": "Items.DIAMOND"
      },
      {
        "value": "Blocks.SKULL#5"
      },
      {
        "value": "Items.DIAMOND"
      },
      {
        "value": "Blocks.SKULL#5"
      }
    ],
    "recipeReturnStack": {
      "value": "CUSTOM:Lost"
    },
    "name": "lostkeys",
    "namespace": "mod"
  }
}