{
  "_fv": 10,
  "_type": "dimension",
  "definition": {
    "portalFrame": {
      "value": "Blocks.PURPUR_BLOCK"
    },
    "portalParticles": {
      "value": "PORTAL"
    },
    "portalLuminance": 0.0,
    "portalSound": {
      "value": "block.portal.ambient"
    },
    "igniterName": "Lost Portal Igniter",
    "igniterTab": {
      "value": "CUSTOM:LOSTdimension"
    },
    "texture": "lol",
    "portalTexture": "portalnew",
    "enablePortal": true,
    "biomesInDimension": [
      {
        "value": "CUSTOM:Lost1"
      },
      {
        "value": "CUSTOM:Desertlost"
      },
      {
        "value": "CUSTOM:Mountain"
      }
    ],
    "worldGenType": "Normal world gen",
    "mainFillerBlock": {
      "value": "CUSTOM:Loststone"
    },
    "fluidBlock": {
      "value": "Blocks.FLOWING_WATER"
    },
    "airColor": {
      "value": -4138753,
      "frgbvalue": [
        0.753,
        0.847,
        1.0
      ],
      "fvalue": [
        0.753,
        0.847,
        1.0
      ],
      "falpha": 1.0
    },
    "canRespawnHere": false,
    "hasFog": false,
    "hasWeather": true,
    "isDark": true,
    "doesWaterVaporize": false,
    "sleepResult": "ALLOW",
    "hasSkyLight": true,
    "imitateOverworldBehaviour": false
  }
}