{
  "_fv": 10,
  "_type": "item",
  "definition": {
    "renderType": 0,
    "texture": "do_you_want_eat_my_poop",
    "customModelName": "Tool",
    "name": "Ultimate",
    "creativeTab": {
      "value": "No creative tab entry"
    },
    "stackSize": 1,
    "enchantability": 60,
    "useDuration": 1,
    "toolType": 5000.0,
    "damageCount": 1000,
    "destroyAnyBlock": true,
    "stayInGridWhenCrafting": true,
    "damageOnCrafting": true,
    "enableMeleeDamage": false,
    "damageVsEntity": 5000.0,
    "specialInfo": [],
    "hasGlow": false,
    "guiBoundTo": "<NONE>",
    "inventorySize": 9,
    "inventoryStackSize": 64
  }
}