{
  "_fv": 10,
  "_type": "recipe",
  "definition": {
    "recipeType": "Crafting",
    "xpReward": 0.0,
    "cookingTime": 200,
    "recipeRetstackSize": 1,
    "group": "",
    "recipeShapeless": false,
    "recipeSlots": [
      {
        "value": "CUSTOM:FachistastoolSword"
      },
      {
        "value": "CUSTOM:FachistastoolPickaxe"
      },
      {
        "value": "CUSTOM:FachistastoolSword"
      },
      {
        "value": "CUSTOM:Fachistas"
      },
      {
        "value": "CUSTOM:FachistastoolHoe"
      },
      {
        "value": "CUSTOM:FachistastoolAxe"
      },
      {
        "value": "CUSTOM:FachistastoolSword"
      },
      {
        "value": "CUSTOM:FachistastoolShovel"
      },
      {
        "value": "CUSTOM:FachistastoolSword"
      }
    ],
    "recipeReturnStack": {
      "value": "CUSTOM:Ultimat"
    },
    "name": "ultimatecraft",
    "namespace": "mod"
  }
}