{
  "_fv": 10,
  "_type": "biome",
  "definition": {
    "groundBlock": {
      "value": "CUSTOM:Lostsand"
    },
    "undergroundBlock": {
      "value": "CUSTOM:Loststone"
    },
    "generateLakes": false,
    "treeType": 1,
    "vanillaTreeType": "Default",
    "minHeight": 0,
    "spawnVines": false,
    "treeVines": {
      "value": "Blocks.LEAVES#1"
    },
    "treeStem": {
      "value": "Blocks.IRON_BLOCK"
    },
    "treeBranch": {
      "value": "Blocks.PURPLE_BED"
    },
    "treeFruits": {
      "value": "Blocks.PINK_BED"
    },
    "airColor": {
      "value": -16008255,
      "falpha": 0.0
    },
    "grassColor": {
      "value": -8126720,
      "falpha": 0.0
    },
    "waterColor": {
      "value": -16726785,
      "falpha": 0.0
    },
    "treesPerChunk": 0,
    "grassPerChunk": 250,
    "flowersPerChunk": 0,
    "mushroomsPerChunk": 0,
    "bigMushroomsChunk": 0,
    "sandPathcesPerChunk": 0,
    "gravelPatchesPerChunk": 0,
    "reedsPerChunk": 0,
    "cactiPerChunk": 5,
    "rainingPossibility": 0.0,
    "temperature": 0.5,
    "baseHeight": 0.0,
    "heightVariation": 0.2,
    "spawnBiome": true,
    "biomeWeight": 7,
    "biomeType": "DESERT",
    "biomeCategory": "NONE",
    "parent": {
      "value": "No parent"
    },
    "biomeDictionaryTypes": [],
    "spawnEntries": [
      {
        "entity": {
          "value": "EntityHusk"
        },
        "minGroup": 8,
        "maxGroup": 10,
        "weight": 20,
        "spawnType": "monster"
      },
      {
        "entity": {
          "value": "CUSTOM:Zombi"
        },
        "minGroup": 4,
        "maxGroup": 4,
        "weight": 20,
        "spawnType": "monster"
      },
      {
        "entity": {
          "value": "CUSTOM:Skelette"
        },
        "minGroup": 4,
        "maxGroup": 4,
        "weight": 20,
        "spawnType": "monster"
      }
    ]
  }
}