{
  "_fv": 10,
  "_type": "armor",
  "definition": {
    "enableHelmet": true,
    "textureHelmet": "fachistasarmors_head",
    "enableBody": true,
    "textureBody": "fachistasarmors_body",
    "enableLeggings": true,
    "textureLeggings": "fachistasarmors_leggings",
    "enableBoots": true,
    "textureBoots": "fachistasarmors_boots",
    "creativeTab": {
      "value": "CUSTOM:LOSTdimension"
    },
    "armorTextureFile": "fachistasarmors",
    "helmetName": "Fachistasarmors Helmet",
    "bodyName": "Fachistasarmors Chestplate",
    "leggingsName": "Fachistasarmors Leggings",
    "bootsName": "Fachistasarmors Boots",
    "helmetSpecialInfo": [],
    "bodySpecialInfo": [],
    "leggingsSpecialInfo": [],
    "bootsSpecialInfo": [],
    "helmetModelName": "Default",
    "helmetModelPart": "Helmet",
    "helmetModelTexture": "From armor",
    "bodyModelName": "Default",
    "bodyModelPart": "Body",
    "armsModelPartL": "Arms L",
    "armsModelPartR": "Arms R",
    "bodyModelTexture": "From armor",
    "leggingsModelName": "Default",
    "leggingsModelPartL": "Leggings L",
    "leggingsModelPartR": "Leggings R",
    "leggingsModelTexture": "From armor",
    "bootsModelName": "Default",
    "bootsModelPartL": "Boots L",
    "bootsModelPartR": "Boots R",
    "bootsModelTexture": "From armor",
    "maxDamage": 100,
    "damageValueHelmet": 100,
    "damageValueBody": 100,
    "damageValueLeggings": 100,
    "damageValueBoots": 100,
    "enchantability": 9,
    "toughness": 0.0,
    "equipSound": {
      "value": ""
    },
    "repairItems": []
  }
}