{
  "_fv": 10,
  "_type": "biome",
  "definition": {
    "groundBlock": {
      "value": "CUSTOM:Lostdirt"
    },
    "undergroundBlock": {
      "value": "CUSTOM:Loststone"
    },
    "generateLakes": false,
    "treeType": 1,
    "vanillaTreeType": "Default",
    "minHeight": 15,
    "spawnVines": false,
    "treeVines": {
      "value": "Blocks.VINE"
    },
    "treeStem": {
      "value": "CUSTOM:Lostwood"
    },
    "treeBranch": {
      "value": "Blocks.LEAVES"
    },
    "treeFruits": {
      "value": "Blocks.SKELETON_WALL_SKULL"
    },
    "airColor": {
      "value": -16750951,
      "falpha": 0.0
    },
    "waterColor": {
      "value": -10027162,
      "falpha": 0.0
    },
    "treesPerChunk": 5,
    "grassPerChunk": 4,
    "flowersPerChunk": 4,
    "mushroomsPerChunk": 0,
    "bigMushroomsChunk": 0,
    "sandPathcesPerChunk": 0,
    "gravelPatchesPerChunk": 4,
    "reedsPerChunk": 0,
    "cactiPerChunk": 0,
    "rainingPossibility": 1.0,
    "temperature": 0.5,
    "baseHeight": 1.0,
    "heightVariation": 0.0,
    "spawnBiome": false,
    "biomeWeight": 15,
    "biomeType": "WARM",
    "biomeCategory": "NONE",
    "parent": {
      "value": "No parent"
    },
    "biomeDictionaryTypes": [],
    "spawnEntries": [
      {
        "entity": {
          "value": "CUSTOM:Zombi"
        },
        "minGroup": 4,
        "maxGroup": 4,
        "weight": 20,
        "spawnType": "monster"
      },
      {
        "entity": {
          "value": "CUSTOM:Skelette"
        },
        "minGroup": 4,
        "maxGroup": 4,
        "weight": 20,
        "spawnType": "monster"
      }
    ]
  }
}