{
  "_fv": 10,
  "_type": "structure",
  "definition": {
    "structure": "monolite",
    "randomlyRotateStructure": true,
    "surfaceDetectionType": "First motion blocking block",
    "spawnProbability": 700000,
    "minCountPerChunk": 1,
    "maxCountPerChunk": 1,
    "spawnLocation": "Ground",
    "spawnHeightOffset": 1,
    "spawnWorldTypes": [
      "CUSTOM:Lost"
    ],
    "restrictionBlocks": [
      {
        "value": "CUSTOM:Lostdirt"
      }
    ],
    "restrictionBiomes": [
      {
        "value": "CUSTOM:Lost1"
      }
    ],
    "ignoreBlocks": "STRUCTURE_BLOCK"
  }
}