{
  "_fv": 10,
  "_type": "structure",
  "definition": {
    "structure": "pyramid",
    "randomlyRotateStructure": true,
    "surfaceDetectionType": "First motion blocking block",
    "spawnProbability": 10000,
    "minCountPerChunk": 1,
    "maxCountPerChunk": 1,
    "spawnLocation": "Ground",
    "spawnHeightOffset": 0,
    "spawnWorldTypes": [
      "CUSTOM:Lost"
    ],
    "restrictionBlocks": [],
    "restrictionBiomes": [
      {
        "value": "CUSTOM:Desertlost"
      }
    ],
    "ignoreBlocks": "STRUCTURE_BLOCK"
  }
}