{
  "_fv": 10,
  "_type": "tool",
  "definition": {
    "renderType": 0,
    "texture": "fuck",
    "customModelName": "Normal",
    "name": "Ultimat",
    "specialInfo": [],
    "creativeTab": {
      "value": "TOOLS"
    },
    "toolType": "MultiTool",
    "harvestLevel": 5000,
    "efficiency": 5000.0,
    "attackSpeed": 100.0,
    "enchantability": 5000,
    "damageVsEntity": 5000.0,
    "usageCount": 5000,
    "blocksAffected": [],
    "hasGlow": true,
    "repairItems": [
      {
        "value": "CUSTOM:Fachistas"
      }
    ],
    "stayInGridWhenCrafting": false,
    "damageOnCrafting": false
  }
}